{"accuracy": [0.3136211633682251, 0.6181236505508423, 0.7099936008453369, 0.7588306665420532, 0.7918628454208374, 0.8110107183456421, 0.8249804377555847, 0.8315243124961853, 0.8377552032470703, 0.8423358798027039], "loss": [2.3804383277893066, 1.2100262641906738, 0.9097476005554199, 0.7497341632843018, 0.6472965478897095, 0.5848060250282288, 0.5520222783088684, 0.5262926816940308, 0.504581093788147, 0.4889015853404999], "val_accuracy": [0.5763145685195923, 0.7093671560287476, 0.769974946975708, 0.7979740500450134, 0.7760072946548462, 0.7883564829826355, 0.8472000956535339, 0.8558502197265625, 0.8594354391098022, 0.8335989117622375], "val_loss": [1.3347256183624268, 0.9029759764671326, 0.7097135782241821, 0.6246415972709656, 0.6965329647064209, 0.6747060418128967, 0.458539217710495, 0.4427352547645569, 0.4241059124469757, 0.5185609459877014]}